id,Check,state,time
1,1,start,2022-11-14 12:50:30
2,1,success,2022-11-14 12:51:30
3,2,start,2022-11-14 17:10:05
4,2,success,2022-11-14 17:11:05
5,3,start,2022-11-16 12:40:50
6,3,success,2022-11-16 12:41:50
7,4,start,2022-11-16 14:39:17
8,4,success,2022-11-16 14:40:17
9,5,start,2022-11-16 18:57:14
10,5,success,2022-11-16 18:58:14
11,6,start,2022-11-29 20:27:47
12,6,success,2022-11-29 20:28:47
13,7,start,2022-12-02 20:51:01
14,7,success,2022-12-02 20:52:01
15,8,start,2022-12-04 10:14:16
16,8,success,2022-12-04 10:15:16
17,9,start,2022-12-12 13:14:16
18,9,success,2022-12-12 13:15:16
19,11,start,2022-12-16 02:53:43
20,11,success,2022-12-16 02:54:43
21,12,start,2022-12-19 20:41:46
22,12,success,2022-12-19 20:42:46
23,13,start,2022-12-19 22:19:21
24,13,success,2022-12-19 22:20:21
25,14,start,2022-12-19 22:31:41
26,14,success,2022-12-19 22:32:41
27,15,start,2022-12-19 23:29:48
28,15,success,2022-12-19 23:30:48
29,16,start,2022-12-19 23:49:46
30,16,success,2022-12-19 23:50:46
31,17,start,2022-12-27 19:14:06
32,17,success,2022-12-27 19:15:06
33,19,start,2022-12-28 19:14:06
34,19,success,2022-12-28 19:15:06
35,20,start,2023-01-01 19:12:57
36,20,success,2023-01-01 19:13:57
37,21,start,2023-01-02 19:12:57
38,21,success,2023-01-02 19:13:57
39,22,start,2023-01-02 19:58:21
40,22,success,2023-01-02 19:59:21
41,23,start,2023-01-05 23:10:57
42,23,success,2023-01-05 23:11:57
43,25,start,2023-01-07 22:22:57
44,25,success,2023-01-07 22:23:57
45,26,start,2023-01-08 02:22:57
46,26,success,2023-01-08 02:23:57
47,27,start,2023-01-12 16:48:03
48,27,success,2023-01-12 16:49:03
49,31,start,2023-01-19 10:45:32
50,31,failure,2023-01-19 10:46:32
51,32,start,2023-01-20 02:22:57
52,32,success,2023-01-20 02:23:57
53,33,start,2023-01-21 22:02:43
54,33,failure,2023-01-21 22:03:43
55,36,start,2023-02-03 18:01:17
56,36,failure,2023-02-03 18:02:17
57,44,start,2023-06-18 08:48:40.941688
58,44,failure,2023-06-18 08:48:40.941688
59,45,start,2023-06-18 08:48:40.941688
60,45,success,2023-06-18 08:48:40.941688
61,46,start,2023-06-18 08:48:40.941688
62,46,success,2023-06-18 08:48:40.941688
63,47,start,2023-06-18 08:48:40.941688
64,47,success,2023-06-18 08:48:40.941688
65,48,start,2023-06-18 08:48:40.941688
66,48,success,2023-06-18 08:48:40.941688
67,52,start,2023-06-18 08:48:40.941688
68,52,success,2023-06-18 08:48:40.941688
69,53,start,2023-06-18 08:48:40.941688
70,53,success,2023-06-18 08:48:40.941688
71,54,start,2023-06-18 08:48:40.941688
72,54,success,2023-06-18 08:48:40.941688
73,55,start,2023-06-18 08:48:40.941688
74,55,success,2023-06-18 08:48:40.941688
75,56,start,2023-06-18 08:48:40.941688
76,56,success,2023-06-18 08:48:40.941688
77,57,start,2023-06-18 08:48:40.941688
78,57,success,2023-06-18 08:48:40.941688